<?xml version="1.0" encoding="utf-8"?>
<extension
	type="module"
	version="2.5"
	client="site"
	method="upgrade">
	<name>Not So Simple Form Mailer</name>
	<author>Daniel H Pavey</author>
	<creationDate>May 2013</creationDate>
	<copyright>Copyright (C) 2005 - 2013 Open Source Matters. All rights reserved.</copyright>
	<license>GNU General Public License version 2 or later; see LICENSE.txt</license>
	<authorEmail>danielhpavey@gmail.com</authorEmail>
	<authorUrl>www.spacaecadet9.com</authorUrl>
	<version>1.0.0</version>
	<description>Straight forward form module that simply e-mails submitted info</description>
	<files>
		<filename module="mod_not_so_simple_form_mail">mod_not_so_simple_form_mail.php</filename>
		<filename>index.html</filename>
		<filename>helper.php</filename>
		<folder>tmpl</folder>
		<folder>js</folder>
	</files>
	<languages>
	</languages>

	<config>
		<fields name="params">
			<fieldset name="basic" label = "Basic Settings">
				<field
					name="form_title"
					type="text"
					label="Form Title"
					description="Title of the Form!"
					default="Form">
				</field>
				<field
					name="subject"
					type="text"
					label="E-mail Title / Subject"
					description="The E-mail Title / Subject"
					default="">
				</field>
				<field
					name="email"
					type="text"
					label="E-Mail Address"
					description="The e-mail address that the submitted form data will be sent to."
					default="">
				</field>
				<field
				    name="ccsender"
				    type="radio"
				    label="CC-Sender"
				    description="CC In the Sender?"
					default="0">
					<option
						value="0">JNo</option>
					<option
						value="1">JYes</option>
				</field>
				<field
					name="message"
					type="textarea"
					rows="10"
					cols="30"
					label="E-mail Sent Message"
					description="The message that will appear when the e-mail has been sent"
					default="Thank you, your message has been sent and someone will be in contact very soon">
				</field>
				<field
					name="sender"
					type="text"
					size="40"
					label="Sender"
					description="If you would like the e-mail to appear to have been sent by whoever completes the form, insert the field label of the field that will contain the e-mail address here.  If nothing is entered here the e-mail will come from the default Joomla admin address"
					default="">
				</field>
				<field
					name="redirect"
					type="text"
					size="40"
					label="Redirect"
					description="Put in here a url that you would like to be redirected to after the form has been submitted"
					default="">
				</field>
				<field
					name="placeholders"
					type="radio"
					label="Placeholders"
					description="Use labels as placeholders (If selected labels will not be displayed)"
					default="0">
					<option
						value="0">JNo</option>
					<option
						value="1">JYes</option>
				</field>
				<field
					name="submitbuttontext"
					type="text"
					size="40"
					label="Submit Button Text"
					description="Customise the submit buttong text"
					default="Submit">
				</field>
			</fieldset>

			<fieldset
				name="fieldone" label = "Form Fields">
				<field type="spacer" name="fieldone" label="&lt;h3&gt;Field One&lt;&#47;h3&gt;" />
				<field
					name="display1"
					type="radio"
					label="Display"
					description="Display this field?"
					default="1">
					<option
						value="0">JNo</option>
					<option
						value="1">JYes</option>
				</field>
				<field
					name="label1"
					type="text"
					size="40"
					label="Label"
					description="Label"
					default="Label">
				</field>
				<field
					name="type1"
					type="list"
					label="Type"
					description="Field Input Type"
					default="text">
					<option
						value="text">Text</option>
					<option
						value="textarea">Textarea</option>
					<option
						value="number">Number</option>
					<option
						value="tel">Telephone</option>
					<option
						value="url">URL</option>
					<option
						value="email">E-mail</option>
				</field>
				<field
					name="required1"
					type="radio"
					label="Required"
					description="Use Joomla Form Vaidation on this input?"
					default="0">
					<option
						value="0">JNo</option>
					<option
						value="1">JYes</option>
				</field>

				<field type="spacer" name="fieldtwo" label="&lt;hr/&gt;&lt;h3&gt;Field Two&lt;&#47;h3&gt;" />
				<field
					name="display2"
					type="radio"
					label="Display"
					description="Display this field?"
					default="0">
					<option
						value="0">JNo</option>
					<option
						value="1">JYes</option>
				</field>
				<field
					name="label2"
					type="text"
					size="40"
					label="Label"
					description="Label"
					default="Label">
				</field>
				<field
					name="type2"
					type="list"
					label="Type"
					description="Field Input Type"
					default="text">
					<option
						value="text">Text</option>
					<option
						value="textarea">Textarea</option>
					<option
						value="number">Number</option>
					<option
						value="tel">Telephone</option>
					<option
						value="url">URL</option>
					<option
						value="email">E-mail</option>
				</field>
				<field
					name="required2"
					type="radio"
					label="Required"
					description="Use Joomla Form Vaidation on this input?"
					default="0">
					<option
						value="0">JNo</option>
					<option
						value="1">JYes</option>
				</field>

				<field type="spacer" name="fieldthree" label="&lt;hr/&gt;&lt;h3&gt;Field Three&lt;&#47;h3&gt;" />
				<field
					name="display3"
					type="radio"
					label="Display"
					description="Display this field?"
					default="0">
					<option
						value="0">JNo</option>
					<option
						value="1">JYes</option>
				</field>
				<field
					name="label3"
					type="text"
					size="40"
					label="Label"
					description="Label"
					default="Label">
				</field>
				<field
					name="type3"
					type="list"
					label="Type"
					description="Field Input Type"
					default="text">
					<option
						value="text">Text</option>
					<option
						value="textarea">Textarea</option>
					<option
						value="number">Number</option>
					<option
						value="tel">Telephone</option>
					<option
						value="url">URL</option>
					<option
						value="email">E-mail</option>
				</field>
				<field
					name="required3"
					type="radio"
					label="Required"
					description="Use Joomla Form Vaidation on this input?"
					default="0">
					<option
						value="0">JNo</option>
					<option
						value="1">JYes</option>
				</field>

                
				<field type="spacer" name="fieldfour" label="&lt;hr/&gt;&lt;h3&gt;Field Four&lt;&#47;h3&gt;" />
				<field
					name="display4"
					type="radio"
					label="Display"
					description="Display this field?"
					default="0">
					<option
						value="0">JNo</option>
					<option
						value="1">JYes</option>
				</field>
				<field
					name="label4"
					type="text"
					size="40"
					label="Label"
					description="Label"
					default="Label">
				</field>
				<field
					name="type4"
					type="list"
					label="Type"
					description="Field Input Type"
					default="text">
					<option
						value="text">Text</option>
					<option
						value="textarea">Textarea</option>
					<option
						value="number">Number</option>
					<option
						value="tel">Telephone</option>
					<option
						value="url">URL</option>
					<option
						value="email">E-mail</option>
				</field>
				<field
					name="required4"
					type="radio"
					label="Required"
					description="Use Joomla Form Vaidation on this input?"
					default="0">
					<option
						value="0">JNo</option>
					<option
						value="1">JYes</option>
				</field>

				<field type="spacer" name="fieldfive" label="&lt;hr/&gt;&lt;h3&gt;Field Five&lt;&#47;h3&gt;" />
				<field
					name="display5"
					type="radio"
					label="Display"
					description="Display this field?"
					default="0">
					<option
						value="0">JNo</option>
					<option
						value="1">JYes</option>
				</field>
				<field
					name="label5"
					type="text"
					size="40"
					label="Label"
					description="Label"
					default="Label">
				</field>
				<field
					name="type5"
					type="list"
					label="Type"
					description="Field Input Type"
					default="text">
					<option
						value="text">Text</option>
					<option
						value="textarea">Textarea</option>
					<option
						value="number">Number</option>
					<option
						value="tel">Telephone</option>
					<option
						value="url">URL</option>
					<option
						value="email">E-mail</option>
				</field>
				<field
					name="required5"
					type="radio"
					label="Required"
					description="Use Joomla Form Vaidation on this input?"
					default="0">
					<option
						value="0">JNo</option>
					<option
						value="1">JYes</option>
				</field>


				<field type="spacer" name="fieldsix" label="&lt;hr/&gt;&lt;h3&gt;Field Six&lt;&#47;h3&gt;" />
				<field
					name="display6"
					type="radio"
					label="Display"
					description="Display this field?"
					default="0">
					<option
						value="0">JNo</option>
					<option
						value="1">JYes</option>
				</field>
				<field
					name="label6"
					type="text"
					size="40"
					label="Label"
					description="Label"
					default="Label">
				</field>
				<field
					name="type6"
					type="list"
					label="Type"
					description="Field Input Type"
					default="text">
					<option
						value="text">Text</option>
					<option
						value="textarea">Textarea</option>
					<option
						value="number">Number</option>
					<option
						value="tel">Telephone</option>
					<option
						value="url">URL</option>
					<option
						value="email">E-mail</option>
				</field>
				<field
					name="required6"
					type="radio"
					label="Required"
					description="Use Joomla Form Vaidation on this input?"
					default="0">
					<option
						value="0">JNo</option>
					<option
						value="1">JYes</option>
				</field>

				<field type="spacer" name="fieldseven" label="&lt;hr/&gt;&lt;h3&gt;Field Seven&lt;&#47;h3&gt;" />
				<field
					name="display7"
					type="radio"
					label="Display"
					description="Display this field?"
					default="0">
					<option
						value="0">JNo</option>
					<option
						value="1">JYes</option>
				</field>
				<field
					name="label7"
					type="text"
					size="40"
					label="Label"
					description="Label"
					default="Label">
				</field>
				<field
					name="type7"
					type="list"
					label="Type"
					description="Field Input Type"
					default="text">
					<option
						value="text">Text</option>
					<option
						value="textarea">Textarea</option>
					<option
						value="number">Number</option>
					<option
						value="tel">Telephone</option>
					<option
						value="url">URL</option>
					<option
						value="email">E-mail</option>
				</field>
				<field
					name="required7"
					type="radio"
					label="Required"
					description="Use Joomla Form Vaidation on this input?"
					default="0">
					<option
						value="0">JNo</option>
					<option
						value="1">JYes</option>
				</field>

				<field type="spacer" name="fieldeight" label="&lt;hr/&gt;&lt;h3&gt;Field Eight&lt;&#47;h3&gt;" />
				<field
					name="display8"
					type="radio"
					label="Display"
					description="Display this field?"
					default="0">
					<option
						value="0">JNo</option>
					<option
						value="1">JYes</option>
				</field>
				<field
					name="label8"
					type="text"
					size="40"
					label="Label"
					description="Label"
					default="Label">
				</field>
				<field
					name="type8"
					type="list"
					label="Type"
					description="Field Input Type"
					default="text">					
					<option
						value="text">Text</option>
					<option
						value="textarea">Textarea</option>
					<option
						value="number">Number</option>
					<option
						value="tel">Telephone</option>
					<option
						value="url">URL</option>
					<option
						value="email">E-mail</option>
					</field>
					<field
					name="required8"
					type="radio"
					label="Required"
					description="Use Joomla Form Vaidation on this input?"
					default="0">
					<option
						value="0">JNo</option>
					<option
						value="1">JYes</option>
				</field>

				<field type="spacer" name="fieldnine" label="&lt;hr/&gt;&lt;h3&gt;Field Nine&lt;&#47;h3&gt;" />
				<field
					name="display9"
					type="radio"
					label="Display"
					description="Display this field?"
					default="0">
					<option
						value="0">JNo</option>
					<option
						value="1">JYes</option>
				</field>
				<field
					name="label9"
					type="text"
					size="40"
					label="Label"
					description="Label"
					default="Label">
				</field>
				<field
					name="type9"
					type="list"
					label="Type"
					description="Field Input Type"
					default="text">
					<option
						value="text">Text</option>
					<option
						value="textarea">Textarea</option>
					<option
						value="number">Number</option>
					<option
						value="tel">Telephone</option>
					<option
						value="url">URL</option>
					<option
						value="email">E-mail</option>
				</field>
				<field
					name="required9"
					type="radio"
					label="Required"
					description="Use Joomla Form Vaidation on this input?"
					default="0">
					<option
						value="0">JNo</option>
					<option
						value="1">JYes</option>
				</field>

				<field type="spacer" name="fieldten" label="&lt;hr/&gt;&lt;h3&gt;Field Ten&lt;&#47;h3&gt;" />
				<field
					name="display10"
					type="radio"
					label="Display"
					description="Display this field?"
					default="0">
					<option
						value="0">JNo</option>
					<option
						value="1">JYes</option>
				</field>
				<field
					name="label10"
					type="text"
					size="40"
					label="Label"
					description="Label"
					default="Label">
				</field>
				<field
					name="type10"
					type="list"
					label="Type"
					description="Field Input Type"
					default="text">
					<option
						value="text">Text</option>
					<option
						value="textarea">Textarea</option>
					<option
						value="number">Number</option>
					<option
						value="tel">Telephone</option>
					<option
						value="url">URL</option>
					<option
						value="email">E-mail</option>
				</field>
				<field
					name="required10"
					type="radio"
					label="Required"
					description="Use Joomla Form Vaidation on this input?"
					default="0">
					<option
						value="0">JNo</option>
					<option
						value="1">JYes</option>
				</field>

				<field type="spacer" name="fieldeleven" label="&lt;hr/&gt;&lt;h3&gt;Field Eleven&lt;&#47;h3&gt;" />
				<field
					name="display11"
					type="radio"
					label="Display"
					description="Display this field?"
					default="0">
					<option
						value="0">JNo</option>
					<option
						value="1">JYes</option>
				</field>
				<field
					name="label11"
					type="text"
					size="40"
					label="Label"
					description="Label"
					default="Label">
				</field>
				<field
					name="type11"
					type="list"
					label="Type"
					description="Field Input Type"
					default="text">
					<option
						value="text">Text</option>
					<option
						value="textarea">Textarea</option>
					<option
						value="number">Number</option>
					<option
						value="tel">Telephone</option>
					<option
						value="url">URL</option>
					<option
						value="email">E-mail</option>
				</field>
				<field
					name="required11"
					type="radio"
					label="Required"
					description="Use Joomla Form Vaidation on this input?"
					default="0">
					<option
						value="0">JNo</option>
					<option
						value="1">JYes</option>
				</field>

				<field type="spacer" name="fieldtwelve" label="&lt;hr/&gt;&lt;h3&gt;Field Twelve&lt;&#47;h3&gt;" />
				<field
					name="display12"
					type="radio"
					label="Display"
					description="Display this field?"
					default="0">
					<option
						value="0">JNo</option>
					<option
						value="1">JYes</option>
				</field>
				<field
					name="label12"
					type="text"
					size="40"
					label="Label"
					description="Label"
					default="Label">
				</field>
				<field
					name="type12"
					type="list"
					label="Type"
					description="Field Input Type"
					default="text">
					<option
						value="text">Text</option>
					<option
						value="textarea">Textarea</option>
					<option
						value="number">Number</option>
					<option
						value="tel">Telephone</option>
					<option
						value="url">URL</option>
					<option
						value="email">E-mail</option>
				</field>
				<field
					name="required12"
					type="radio"
					label="Required"
					description="Use Joomla Form Vaidation on this input?"
					default="0">
					<option
						value="0">JNo</option>
					<option
						value="1">JYes</option>
				</field>

				<field type="spacer" name="fieldthirteen" label="&lt;hr/&gt;&lt;h3&gt;Field Thirteen&lt;&#47;h3&gt;" />
				<field
					name="display13"
					type="radio"
					label="Display"
					description="Display this field?"
					default="0">
					<option
						value="0">JNo</option>
					<option
						value="1">JYes</option>
				</field>
				<field
					name="label13"
					type="text"
					size="40"
					label="Label"
					description="Label"
					default="Label">
				</field>
				<field
					name="type13"
					type="list"
					label="Type"
					description="Field Input Type"
					default="">
					<option
						value="text">Text</option>
					<option
						value="textarea">Textarea</option>
					<option
						value="number">Number</option>
					<option
						value="tel">Telephone</option>
					<option
						value="url">URL</option>
					<option
						value="email">E-mail</option>
				</field>
				<field
					name="required13"
					type="radio"
					label="Required"
					description="Use Joomla Form Vaidation on this input?"
					default="0">
					<option
						value="0">JNo</option>
					<option
						value="1">JYes</option>
				</field>

				<field type="spacer" name="fieldfourteen" label="&lt;hr/&gt;&lt;h3&gt;Field Fourteen&lt;&#47;h3&gt;" />
				<field
					name="display14"
					type="radio"
					label="Display"
					description="Display this field?"
					default="0">
					<option
						value="0">JNo</option>
					<option
						value="1">JYes</option>
				</field>
				<field
					name="label14"
					type="text"
					size="40"
					label="Label"
					description="Label"
					default="Label">
				</field>
				<field
					name="type14"
					type="list"
					label="Type"
					description="Field Input Type"
					default="text">
					<option
						value="text">Text</option>
					<option
						value="textarea">Textarea</option>
					<option
						value="number">Number</option>
					<option
						value="tel">Telephone</option>
					<option
						value="url">URL</option>
					<option
						value="email">E-mail</option>
				</field>
				<field
					name="required14"
					type="radio"
					label="Required"
					description="Use Joomla Form Vaidation on this input?"
					default="0">
					<option
						value="0">JNo</option>
					<option
						value="1">JYes</option>
				</field>

				<field type="spacer" name="fieldfifteen" label="&lt;hr/&gt;&lt;h3&gt;Field Fifteen&lt;&#47;h3&gt;" />
				<field
					name="display15"
					type="radio"
					label="Display"
					description="Display this field?"
					default="0">
					<option
						value="0">JNo</option>
					<option
						value="1">JYes</option>
				</field>
				<field
					name="label15"
					type="text"
					size="40"
					label="Label"
					description="Label"
					default="Label">
				</field>
				<field
					name="type15"
					type="list"
					label="Type"
					description="Field Input Type"
					default="text">
					<option
						value="text">Text</option>
					<option
						value="textarea">Textarea</option>
					<option
						value="number">Number</option>
					<option
						value="tel">Telephone</option>
					<option
						value="url">URL</option>
					<option
						value="email">E-mail</option>
				</field>
				<field
					name="required15"
					type="radio"
					label="Required"
					description="Use Joomla Form Vaidation on this input?"
					default="0">
					<option
						value="0">JNo</option>
					<option
						value="1">JYes</option>
				</field>

				<field type="spacer" name="fieldsixteen" label="&lt;hr/&gt;&lt;h3&gt;Field Sixteen&lt;&#47;h3&gt;" />
				<field
					name="display16"
					type="radio"
					label="Display"
					description="Display this field?"
					default="0">
					<option
						value="0">JNo</option>
					<option
						value="1">JYes</option>
				</field>
				<field
					name="label16"
					type="text"
					size="40"
					label="Label"
					description="Label"
					default="Label">
				</field>
				<field
					name="type16"
					type="list"
					label="Type"
					description="Field Input Type"
					default="text">
					<option
						value="text">Text</option>
					<option
						value="textarea">Textarea</option>
					<option
						value="number">Number</option>
					<option
						value="tel">Telephone</option>
					<option
						value="url">URL</option>
					<option
						value="email">E-mail</option>
				</field>
				<field
					name="required16"
					type="radio"
					label="Required"
					description="Use Joomla Form Vaidation on this input?"
					default="0">
					<option
						value="0">JNo</option>
					<option
						value="1">JYes</option>
				</field>

				<field type="spacer" name="fieldseventeen" label="&lt;hr/&gt;&lt;h3&gt;Field Seventeen&lt;&#47;h3&gt;" />
				<field
					name="display17"
					type="radio"
					label="Display"
					description="Display this field?"
					default="0">
					<option
						value="0">JNo</option>
					<option
						value="1">JYes</option>
				</field>
				<field
					name="label17"
					type="text"
					size="40"
					label="Label"
					description="Label"
					default="Label">
				</field>
				<field
					name="type17"
					type="list"
					label="Type"
					description="Field Input Type"
					default="text">
					<option
						value="text">Text</option>
					<option
						value="textarea">Textarea</option>
					<option
						value="number">Number</option>
					<option
						value="tel">Telephone</option>
					<option
						value="url">URL</option>
					<option
						value="email">E-mail</option>
				</field>
				<field
					name="required17"
					type="radio"
					label="Required"
					description="Use Joomla Form Vaidation on this input?"
					default="0">
					<option
						value="0">JNo</option>
					<option
						value="1">JYes</option>
				</field>
				<field
					name="required7"
					type="radio"
					label="Required"
					description="Use Joomla Form Vaidation on this input?"
					default="0">
					<option
						value="0">JNo</option>
					<option
						value="1">JYes</option>
				</field>
			</fieldset>
			<fieldset
				name="fieldeighteen" label = "Confirmation Tick Box">
				<field
					name="display18"
					type="radio"
					label="Display"
					description="Display this field?"
					default="0">
					<option
						value="0">JNo</option>
					<option
						value="1">JYes</option>
				</field>
				<field
					name="label18"
					type="text"
					size="40"
					label="Label"
					description="Label"
					default="Label">
				</field>
				<field
					name="type18"
					type="list"
					label="Type"
					description="Field Input Type"
					default="checkbox">
					<option
						value="checkbox">Checkbox</option>
				</field>
				<field
					name="required18"
					type="radio"
					label="Required"
					description="Use Joomla Form Vaidation on this input?"
					default="0">
					<option
						value="0">JNo</option>
					<option
						value="1">JYes</option>
				</field>

			</fieldset>
			<fieldset
				name="Display" label = "Display">
				<field
					name="moduleclass_sfx"
					type="text"
					label="COM_MODULES_FIELD_MODULECLASS_SFX_LABEL"
					description="COM_MODULES_FIELD_MODULECLASS_SFX_DESC" />
			</fieldset>


		</fields>
	</config>
</extension>
